,Peptidoform,Proteins,_dyn_#Patient_01.Timepoint_1,_dyn_#Patient_01.Timepoint_2,_dyn_#Patient_01.Timepoint_3,_dyn_#Patient_01.Timepoint_4,_dyn_#Patient_01.Timepoint_5,_dyn_#Patient_01.Timepoint_6,_dyn_#Patient_01.Timepoint_7,_dyn_#Patient_02.Timepoint_1,_dyn_#Patient_02.Timepoint_2,_dyn_#Patient_02.Timepoint_3,_dyn_#Patient_02.Timepoint_4,_dyn_#Patient_02.Timepoint_5,_dyn_#Patient_02.Timepoint_6,_dyn_#Patient_02.Timepoint_7,_dyn_#Patient_03.Timepoint_1,_dyn_#Patient_03.Timepoint_2,_dyn_#Patient_03.Timepoint_3,_dyn_#Patient_03.Timepoint_4,_dyn_#Patient_03.Timepoint_5,_dyn_#Patient_03.Timepoint_6,_dyn_#Patient_03.Timepoint_7,_dyn_#Patient_05.Timepoint_1,_dyn_#Patient_05.Timepoint_2,_dyn_#Patient_05.Timepoint_3,_dyn_#Patient_05.Timepoint_4,_dyn_#Patient_05.Timepoint_5,_dyn_#Patient_05.Timepoint_6,_dyn_#Patient_05.Timepoint_7,_dyn_#Patient_06.Timepoint_1,_dyn_#Patient_06.Timepoint_2,_dyn_#Patient_06.Timepoint_3,_dyn_#Patient_06.Timepoint_4,_dyn_#Patient_06.Timepoint_5,_dyn_#Patient_06.Timepoint_6,_dyn_#Patient_06.Timepoint_7,_dyn_#Patient_07.Timepoint_1,_dyn_#Patient_07.Timepoint_2,_dyn_#Patient_07.Timepoint_3,_dyn_#Patient_07.Timepoint_4,_dyn_#Patient_07.Timepoint_5,_dyn_#Patient_07.Timepoint_6,_dyn_#Patient_07.Timepoint_7,_dyn_#Patient_08.Timepoint_1,_dyn_#Patient_08.Timepoint_2,_dyn_#Patient_08.Timepoint_3,_dyn_#Patient_08.Timepoint_4,_dyn_#Patient_08.Timepoint_5,_dyn_#Patient_08.Timepoint_6,_dyn_#Patient_08.Timepoint_7,_dyn_#Patient_09.Timepoint_1,_dyn_#Patient_09.Timepoint_2,_dyn_#Patient_09.Timepoint_3,_dyn_#Patient_09.Timepoint_4,_dyn_#Patient_09.Timepoint_5,_dyn_#Patient_09.Timepoint_6,_dyn_#Patient_09.Timepoint_7,_dyn_#Patient_10.Timepoint_1,_dyn_#Patient_10.Timepoint_2,_dyn_#Patient_10.Timepoint_3,_dyn_#Patient_10.Timepoint_4,_dyn_#Patient_10.Timepoint_5,_dyn_#Patient_10.Timepoint_6,_dyn_#Patient_10.Timepoint_7,_dyn_#Patient_11.Timepoint_1,_dyn_#Patient_11.Timepoint_2,_dyn_#Patient_11.Timepoint_3,_dyn_#Patient_11.Timepoint_4,_dyn_#Patient_11.Timepoint_5,_dyn_#Patient_11.Timepoint_6,_dyn_#Patient_11.Timepoint_7,_dyn_#Patient_12.Timepoint_1,_dyn_#Patient_12.Timepoint_2,_dyn_#Patient_12.Timepoint_3,_dyn_#Patient_12.Timepoint_4,_dyn_#Patient_12.Timepoint_5,_dyn_#Patient_12.Timepoint_6,_dyn_#Patient_12.Timepoint_7,_dyn_#Patient_14.Timepoint_1,_dyn_#Patient_14.Timepoint_2,_dyn_#Patient_14.Timepoint_3,_dyn_#Patient_14.Timepoint_4,_dyn_#Patient_14.Timepoint_5,_dyn_#Patient_14.Timepoint_6,_dyn_#Patient_14.Timepoint_7,_dyn_#Patient_15.Timepoint_1,_dyn_#Patient_15.Timepoint_2,_dyn_#Patient_15.Timepoint_3,_dyn_#Patient_15.Timepoint_4,_dyn_#Patient_15.Timepoint_5,_dyn_#Patient_15.Timepoint_6,_dyn_#Patient_15.Timepoint_7,_dyn_#Patient_16.Timepoint_1,_dyn_#Patient_16.Timepoint_2,_dyn_#Patient_16.Timepoint_3,_dyn_#Patient_16.Timepoint_4,_dyn_#Patient_16.Timepoint_5,_dyn_#Patient_16.Timepoint_6,_dyn_#Patient_16.Timepoint_7,_dyn_#Patient_17.Timepoint_1,_dyn_#Patient_17.Timepoint_2,_dyn_#Patient_17.Timepoint_3,_dyn_#Patient_17.Timepoint_4,_dyn_#Patient_17.Timepoint_5,_dyn_#Patient_17.Timepoint_6,_dyn_#Patient_17.Timepoint_7,_dyn_#Patient_19.Timepoint_1,_dyn_#Patient_19.Timepoint_2,_dyn_#Patient_19.Timepoint_3,_dyn_#Patient_19.Timepoint_4,_dyn_#Patient_19.Timepoint_5,_dyn_#Patient_19.Timepoint_6,_dyn_#Patient_19.Timepoint_7,_dyn_#Patient_20.Timepoint_1,_dyn_#Patient_20.Timepoint_2,_dyn_#Patient_20.Timepoint_3,_dyn_#Patient_20.Timepoint_4,_dyn_#Patient_20.Timepoint_5,_dyn_#Patient_20.Timepoint_6,_dyn_#Patient_20.Timepoint_7,_dyn_#Patient_21.Timepoint_1,_dyn_#Patient_21.Timepoint_2,_dyn_#Patient_21.Timepoint_3,_dyn_#Patient_21.Timepoint_4,_dyn_#Patient_21.Timepoint_5,_dyn_#Patient_21.Timepoint_6,_dyn_#Patient_21.Timepoint_7,_dyn_#Patient_22.Timepoint_1,_dyn_#Patient_22.Timepoint_2,_dyn_#Patient_22.Timepoint_3,_dyn_#Patient_22.Timepoint_4,_dyn_#Patient_22.Timepoint_5,_dyn_#Patient_22.Timepoint_6,_dyn_#Patient_22.Timepoint_7,_dyn_#Patient_23.Timepoint_1,_dyn_#Patient_23.Timepoint_2,_dyn_#Patient_23.Timepoint_3,_dyn_#Patient_23.Timepoint_4,_dyn_#Patient_23.Timepoint_5,_dyn_#Patient_23.Timepoint_6,_dyn_#Patient_23.Timepoint_7,_dyn_#Patient_24.Timepoint_1,_dyn_#Patient_24.Timepoint_2,_dyn_#Patient_25.Timepoint_1,_dyn_#Patient_25.Timepoint_2,_dyn_#Patient_25.Timepoint_3,_dyn_#Patient_25.Timepoint_4,_dyn_#Patient_25.Timepoint_5,_dyn_#Patient_25.Timepoint_6,_dyn_#Patient_25.Timepoint_7,_dyn_#Patient_26.Timepoint_1,_dyn_#Patient_26.Timepoint_2,_dyn_#Patient_26.Timepoint_3,_dyn_#Patient_26.Timepoint_4,_dyn_#Patient_26.Timepoint_5,_dyn_#Patient_26.Timepoint_6,_dyn_#Patient_26.Timepoint_7,_dyn_#Patient_27.Timepoint_1,_dyn_#Patient_27.Timepoint_2,_dyn_#Patient_27.Timepoint_3,_dyn_#Patient_27.Timepoint_4,_dyn_#Patient_27.Timepoint_5,_dyn_#Patient_27.Timepoint_6,_dyn_#Patient_27.Timepoint_7,_dyn_#Patient_28.Timepoint_1,_dyn_#Patient_28.Timepoint_2,_dyn_#Patient_28.Timepoint_3,_dyn_#Patient_28.Timepoint_4,_dyn_#Patient_28.Timepoint_5,_dyn_#Patient_28.Timepoint_6,_dyn_#Patient_28.Timepoint_7,_dyn_#Patient_29.Timepoint_1,_dyn_#Patient_29.Timepoint_2,_dyn_#Patient_29.Timepoint_3,_dyn_#Patient_29.Timepoint_4,_dyn_#Patient_29.Timepoint_5,_dyn_#Patient_29.Timepoint_6,_dyn_#Patient_29.Timepoint_7,_dyn_#Patient_30.Timepoint_1,_dyn_#Patient_30.Timepoint_2,_dyn_#Patient_30.Timepoint_3,_dyn_#Patient_30.Timepoint_4,_dyn_#Patient_30.Timepoint_5,_dyn_#Patient_30.Timepoint_6,_dyn_#Patient_30.Timepoint_7,_dyn_#Patient_31.Timepoint_1,_dyn_#Patient_31.Timepoint_2,_dyn_#Patient_33.Timepoint_1,_dyn_#Patient_33.Timepoint_2,_dyn_#Patient_34.Timepoint_1,_dyn_#Patient_34.Timepoint_2,_dyn_#Patient_34.Timepoint_3,_dyn_#Patient_34.Timepoint_4,_dyn_#Patient_34.Timepoint_5,_dyn_#Patient_34.Timepoint_6,_dyn_#Patient_34.Timepoint_7,_dyn_#Patient_35.Timepoint_1,_dyn_#Patient_35.Timepoint_2,_dyn_#Patient_36.Timepoint_1,_dyn_#Patient_36.Timepoint_2,_dyn_#Patient_36.Timepoint_3,_dyn_#Patient_36.Timepoint_4,_dyn_#Patient_36.Timepoint_5,_dyn_#Patient_36.Timepoint_6,_dyn_#Patient_36.Timepoint_7,_dyn_#Patient_37.Timepoint_1,_dyn_#Patient_37.Timepoint_2,_dyn_#Patient_37.Timepoint_3,_dyn_#Patient_37.Timepoint_4,_dyn_#Patient_37.Timepoint_5,_dyn_#Patient_37.Timepoint_6,_dyn_#Patient_37.Timepoint_7,_dyn_#Patient_38.Timepoint_1,_dyn_#Patient_38.Timepoint_2,_dyn_#Patient_38.Timepoint_3,_dyn_#Patient_38.Timepoint_4,_dyn_#Patient_38.Timepoint_5,_dyn_#Patient_38.Timepoint_6,_dyn_#Patient_38.Timepoint_7,_dyn_#Patient_39.Timepoint_1,_dyn_#Patient_39.Timepoint_2,_dyn_#Patient_39.Timepoint_3,_dyn_#Patient_39.Timepoint_4,_dyn_#Patient_39.Timepoint_5,_dyn_#Patient_39.Timepoint_6,_dyn_#Patient_39.Timepoint_7,_dyn_#Patient_40.Timepoint_1,_dyn_#Patient_40.Timepoint_2,_dyn_#Patient_40.Timepoint_3,_dyn_#Patient_40.Timepoint_4,_dyn_#Patient_40.Timepoint_5,_dyn_#Patient_40.Timepoint_6,_dyn_#Patient_40.Timepoint_7,_dyn_#Patient_41.Timepoint_1,_dyn_#Patient_41.Timepoint_2,_dyn_#Patient_41.Timepoint_3,_dyn_#Patient_41.Timepoint_4,_dyn_#Patient_41.Timepoint_5,_dyn_#Patient_41.Timepoint_6,_dyn_#Patient_41.Timepoint_7,_dyn_#Patient_42.Timepoint_1,_dyn_#Patient_42.Timepoint_2,_dyn_#Patient_42.Timepoint_3,_dyn_#Patient_42.Timepoint_4,_dyn_#Patient_42.Timepoint_5,_dyn_#Patient_42.Timepoint_6,_dyn_#Patient_42.Timepoint_7,_dyn_#Patient_43.Timepoint_1,_dyn_#Patient_43.Timepoint_2,_dyn_#Patient_43.Timepoint_3,_dyn_#Patient_43.Timepoint_4,_dyn_#Patient_43.Timepoint_5,_dyn_#Patient_43.Timepoint_6,_dyn_#Patient_43.Timepoint_7,_dyn_#Patient_44.Timepoint_2,_dyn_#Patient_44.Timepoint_3,_dyn_#Patient_44.Timepoint_4,_dyn_#Patient_44.Timepoint_5,_dyn_#Patient_44.Timepoint_6,_dyn_#Patient_44.Timepoint_7,_dyn_#Patient_45.Timepoint_1,_dyn_#Patient_45.Timepoint_2,_dyn_#Patient_45.Timepoint_3,_dyn_#Patient_45.Timepoint_4,_dyn_#Patient_45.Timepoint_5,_dyn_#Patient_45.Timepoint_6,_dyn_#Patient_45.Timepoint_7,_dyn_#Patient_46.Timepoint_1,_dyn_#Patient_46.Timepoint_2,_dyn_#Patient_46.Timepoint_3,_dyn_#Patient_46.Timepoint_4,_dyn_#Patient_46.Timepoint_5,_dyn_#Patient_46.Timepoint_6,_dyn_#Patient_46.Timepoint_7,_dyn_#Patient_47.Timepoint_1,_dyn_#Patient_47.Timepoint_2,_dyn_#Patient_47.Timepoint_3,_dyn_#Patient_47.Timepoint_4,_dyn_#Patient_47.Timepoint_5,_dyn_#Patient_47.Timepoint_6,_dyn_#Patient_47.Timepoint_7,_dyn_#Patient_48.Timepoint_1,_dyn_#Patient_48.Timepoint_2,_dyn_#Patient_48.Timepoint_3,_dyn_#Patient_48.Timepoint_4,_dyn_#Patient_48.Timepoint_5,_dyn_#Patient_48.Timepoint_6,_dyn_#Patient_48.Timepoint_7,_dyn_#Patient_49.Timepoint_1,_dyn_#Patient_49.Timepoint_2,_dyn_#Patient_50.Timepoint_1,_dyn_#Patient_50.Timepoint_2,_dyn_#Patient_51.Timepoint_1,_dyn_#Patient_51.Timepoint_2,_dyn_#Patient_52.Timepoint_1,_dyn_#Patient_52.Timepoint_2,_dyn_#Patient_52.Timepoint_3,_dyn_#Patient_52.Timepoint_4,_dyn_#Patient_52.Timepoint_5,_dyn_#Patient_52.Timepoint_6,_dyn_#Patient_52.Timepoint_7,_dyn_#Patient_53.Timepoint_1,_dyn_#Patient_53.Timepoint_2,_dyn_#Patient_54.Timepoint_1,_dyn_#Patient_54.Timepoint_2,_dyn_#Patient_57.Timepoint_1,_dyn_#Patient_57.Timepoint_2,_dyn_#Patient_57.Timepoint_3,_dyn_#Patient_57.Timepoint_4,_dyn_#Patient_57.Timepoint_5,_dyn_#Patient_57.Timepoint_6,_dyn_#Patient_57.Timepoint_7,_dyn_#Patient_58.Timepoint_1,_dyn_#Patient_58.Timepoint_2,_dyn_#Patient_58.Timepoint_3,_dyn_#Patient_58.Timepoint_4,_dyn_#Patient_58.Timepoint_5,_dyn_#Patient_58.Timepoint_6,_dyn_#Patient_58.Timepoint_7,id
7544,.YSPSFQGQVTISADK+28.006.,sp|A0A0C4DH38|HV551_HUMAN,,,,,,,,,,,,,,,,,,,,,,,,,,,,,"52,739,000","33,667,000","3,082,100","54,791,000",,,"97,043,500",,,,,,,,,,,,,,,,,,,,,,,,,,,,,,,,"24,764,000",,"87,568,000",,,,,,,,,,,,,,,,,,,,,,,"9,234,300","25,670,000",,"10,075,000","37,500,000","16,939,300","6,259,700",,,,,,,,,,,,,,,"46,999,000","32,095,000","35,103,950","36,116,500",,"53,339,000","99,891,000",,,,,,,,,,,,,,,,,,,,,,,,"44,172,000",,"58,469,000",,"49,687,000",,"67,550,000",,,,,,,,,,,,,,,,,,,,,,,,,,,,,,,,,,,,,,,,,,,,,,,,,"36,705,000","52,790,000","11,274,000","41,167,850","46,295,500","34,143,750","32,197,450",,,,,,,,,,,,,,,,,,,,,,,,,,,,,,,,,,,,,,,,,,,,,,,,,,,,,,,,,,,,,,,,,,,,,,,"31,220,000",,,"19,008,000",,,,,,,,,,,,,,,,"42,651,000",,,,"57,958,000","36,579,000","28,191,000",,,,,,,,,,,,,,,,,,,7544
9238,.GLEWMGIIYPGDSDTR-28.006.,sp|A0A0C4DH38|HV551_HUMAN,,,,,,,,,,,,,,,,,,,,,,,,,,,,,,,,,,,,,,,,,,,,,,,,,,,,,,,,,,,,,,,,,,,,,,,,,,,,,,,,,,,,,,,,,,,,,,,,,,,,,,,,,,,,,,,,,,,,,,,,,,,,,,,,,,,,,,,,,,,,,,,"45,905,500","13,766,933","19,959,667","20,146,500","18,612,750","21,734,875","25,323,000",,,,,,,,,,,,,,,,,,,,,,,,,,,,,,,,,,,,,,,,,,,,,,,,,,,,,,,,,,,,,,,,,,,,,,,,,,,,,,,,,,,,,,,,,,,,,,,,,,,,,,,,,"18,522,200","6,510,500","15,455,000","7,701,200","11,018,725","24,976,650",,,,,,,,,,,,,,,,,,,,,,,,,,,,,,,,,"33,993,975","43,930,000",,,,,,,,,,,,,,,,,,,,,,,,,,9238
10368,.GLEWMGIIYPG+58.005DSDTR.,sp|A0A0C4DH38|HV551_HUMAN,"19,093,433","8,547,050","12,185,100","12,817,000","27,118,000","24,336,000","16,720,600",,,,,,,,,,,,,,,,,,,,,,,,,,,,,,,,,,,,,,,,,,,,,,,,,,,,,,,,,,,,,,,,,,,,,,,"2,622,800","48,825,000","36,670,000","47,153,000","22,932,000","48,751,000","42,264,500",,,,,,,,,,,,,,,,,,,,,,,,,,,,,,,,,,,,,,,,,,,,,,,,,,,,,,,,,,,,,,,,,,,,,,,,,"10,861,000","12,984,000","7,819,600","31,320,500","30,347,000",,"22,569,000",,,,,,,,,,,,,,,,,,,,,,,,,,,,,,,,,,,,,,,,,,,,,,,,,"16,442,800","16,860,725","14,571,000","28,769,500","28,414,000","21,180,000","17,146,175",,,,,,,,,,,,,,,,,,,,,,,,,,,,,,,,,,,,,,,,,,,,,,,,,,,,,,,,,,,,,,,,,,,,,,,,,,,,,,,,,,,,,,,,,,,,,,,,,,,,,10368
11429,.GLEWMGIIY-6.962.,sp|A0A0C4DH38|HV551_HUMAN,"15,457,833","14,936,300","20,434,033","14,861,867","25,854,500","13,806,075","20,274,000",,,,,,,,,,,,,,,,,,,,,,,,,,,,,,,,,,,,,,,,,,,,,,,,,,,,,,,,,,,,,,,,,,,,,,,,,,,,,,,,,,,,,,,,,,,,,,,,,,,,,,,,,,,,,,,,,,,,,,,,,,,,,,,,,,,,,,,,,,,,,,,,,,,,,,,,,,,,,,,,,,,,,,,,,,,,,,,,,,,,,,,,,,,,,,,,,,,,,,,,,,,,,,,,,,,,,,,,,,,,,,,,,,,,,,,,,,,,,,,,,,,,,,,,,,,,,,,,,,,,,,,,,,,,,,,,,,,,,,,,,,,,,,,,,,,,,,,,,,,,,,,,,,,,,,,,11429
11452,.EVQLVQSGAEVKK+0.948PGESLK.,sp|A0A0C4DH38|HV551_HUMAN,,,,,,,,,,,,,,,,,,,,,,,,,,,,,,,,,,,,,,,,,,,,,,,,,,,,,,,,,,,,,,,,,,,,,,,,,,,,,,,,,,,,"45,128,000",,,,,,,,"35,437,667","41,090,500","45,384,000","48,630,000","23,840,000","38,956,250","43,817,000",,,,,,,,,,,,,,,,,,,,,,,,,,,,,,,,,,,,"43,924,000","26,901,400","56,298,000","21,507,000","34,589,500","29,500,000","19,540,500",,,,,,,,,,,,,,,,,,,,,,,,,,,,,,,,,,,,,,,,,,,,,,,,,"44,996,000","6,414,800","12,086,700","26,622,500","30,265,000","22,513,000","35,825,667",,,,,,,,,,,,,,,,,,,,,,,,,,,,,,,,,,,,,,,,,,,,,,,,,,,,,,,,,,,,,,,,,,,,,,,,,,,,,,,,,,,,,,,,,,,,,,,,,,,,,,,,,,,,,,,,,,,,,"36,220,000","37,700,333","33,254,000","31,825,500","25,491,000","13,275,300","30,729,500",11452
12094,.EVQLVQSGAEVK-27.047KPGESLK.,sp|A0A0C4DH38|HV551_HUMAN,,,,,,,,,,,,,,,,,,,,,,,,,,,,,,,,,,,,,,,,,,,,,,,,,,,,,,,,,,,,,,,,,,,,,,,,,,,,,,"54,851,250","54,926,500","53,052,500","60,107,000","58,460,500","48,905,000","70,686,000",,,,,,,,,,,,,,,,,,,,,,,,,,,,,,,,,,,,,,,,,,,,,,,,,,,,,,,,,,,,,,,,,,,,,,,,,,,,,,,,,,,,,,,,,,,,,,,,,,,,,,,,,,,,,,,,,,,,,,,,,,,,,,,,,,,,,,,,,,,,,,,,,,,,,,,,,,,,,,,,,,,,,,,,,,,,,,,,,,,,,,,,,,,,,,,,,,,,,,,,,,,,,,,,,,,,,,,,,,,,,,,,,,,,,,,,,,,12094
13170,.YSPSFQGQVT-14.016ISADK.,sp|A0A0C4DH38|HV551_HUMAN,,,,,,,,,,,,,,,,,,,,,,"35,837,500","18,641,550","16,852,367","12,614,233",,,,,,,,,,,,,,,,,,,,,,,,,,,,,,,,,,,,,,,,,,,,,,,,,,,,,,,,,,,,,,,,,,,,,,,,,,,,,,,,,,,,,,,,,,,,,,,,,,,,,,,,,,,,,,,,,,,,,,,,,,,,,,,,,,,,,,,,,,,,,,,,,,,,,,,,,,,,,,,,,,,,,,,,,,,,,,"24,625,000",,"37,065,000","29,524,000",,"30,930,000",,,,,,,,,,,,,,,,,,,,,,,,,,,,,,,,,,,,,,,,,,,,,,,,,,,,,,,,,,,,,,,,,,,,,,,,,,,,,,,,,,,,,,,,,,,,,,,,,,,,,,,,,,,,,,,,,,,13170
13679,.EVQLVQSGAEVK+0.948KPGESLK.,sp|A0A0C4DH38|HV551_HUMAN,,,,,,,,,,,,,,,,,,,,,,,,,,,,,,,,,,,,,,,,,,,,,,,,,,,,,,,,,,,,,,,,,,,,,,,,,,,,,,"36,126,500","33,991,250","23,064,000","34,423,000","25,183,000","33,851,000","18,814,333",,,,,,,,,,,"85,509,000","56,272,000",,"82,033,000",,,,,,,,,,,,,,,,,,,,,,,,,,,,,,,,,,,,,,,,,,,,,,,,,,,,,,,,,,,"33,864,125","28,829,000","42,412,500","43,269,333","40,683,500","26,035,467","31,241,667",,,,,,,,,,,,,,,,,,,,,,,,,,,,,,,,,,,,,,,,,,,,,,,,,,,,,,,,,,,,,,,,,,,,,,,,,,,,,,,,,,,,"28,692,267","20,995,000","25,431,600","31,405,500","22,078,500","32,940,500","21,408,767",,,,,,,,,,,,,,,,,,,,,,,,,,,,,,,,,,,,,,,,,,,,,,,,,,,,"18,183,333","32,788,333","23,438,667","31,466,250","21,280,000","25,104,000","21,270,000",,,,,"39,156,000",,,13679
15307,.YSPSFQGQVTI+17.956SADK.,sp|A0A0C4DH38|HV551_HUMAN,,,,,,,,,,,,,,,,,,,,,,,,,,,,,,,,,,,,,,,,,,,,,,,,,,,,,,,,,,,,,,,,,,,,,,,,,,,,,,,,,,,,,,,,,,,,,,,,,,,,,,,,,,,,,,,,,,,,,,,,,,,,,,,,,,,,,,"12,786,000","14,170,600","3,239,700","9,872,950",,"6,531,600","14,097,733",,,,,,,,,,"27,209,000",,,,,,,"15,282,000","17,015,000","19,951,000","14,095,500","7,348,800","5,293,500","30,553,000",,,,,,,,,,,,,,,,,,,,,,,,,,,,,,,,,,,,,,,,,,,,,,,,,,,,,,,,,,,,,,,"7,633,600","18,182,433","7,180,100",,"20,751,000","3,432,300","14,445,533",,,,,,,,,,,,,,,,,,,,,,,,,,,,,,,,,,,,,,,,,,,,,,,,,,,,,,,,,,,,,,,,,,,,,,,,,,,,,,,,,,,,,,,15307
16102,.GLEWMGIIYPGDSDT-30.011R.,sp|A0A0C4DH38|HV551_HUMAN,,,,,,,,,,,,,,,,,,,,,,,,,,,,,,,,,,,,,,,,,,,,,,,,,,,,,,,,,,,,,,,,,,,,,,,,,,,,,,,,,,,,,,,,,,,,,,,,,,,,,,,,,,,,,,,,,,,,,,,,,,,,,,,,,,,,,,,,,,,,,,,,,,,,,,"15,346,500","2,938,700",,"7,936,900","12,493,450","14,119,500","34,736,000",,,,,,,,,,,,,,,,,,,,,,,,,,,,,,,,,,,,,,,,,,,,,,,,,,,,,,,,,,,,,,,,,,,,,,,,,,,,,,,,,,,,,,,,,,,,,,,,,,,,,,,,,,,,,,,,,,,,,,,,,,,,,,,,,,,,,,,,,,,,,,,,,,,,,,,,,,,,,,,,,,,16102
17539,.LVQSGAEVK-15.011KPGESLK.,sp|A0A0C4DH38|HV551_HUMAN,,,,,,,,,,,,,,,,,,,,,,,,,,,,,,,,,,,,,,,,,,,,,,,,,,,,,,,,,,,,,,,,,,,,,,,,,,,,,,,,,,,,,,,,,,,,,,,,,,,,,,,,,,,,,,,,,,,,,,,,,,,,,,,"42,028,000","36,750,667","17,958,667","33,947,000","35,131,650","30,677,000","48,753,000",,,,,,,,,,,,,,,,,,,,,,,,,,,,,,,,,,,,,,,,,,,,,,,,,,,,,,,,,,,,,,,,,,,,,,,,,,,,,,,,,,,,,,,,,,,,,,,,,,,,,,,,,,,,,,,,,,,,,,,,,,,,,,,,,,,,,,,,,,,,,,,,,,,,,,,,,,,,,,,,,,,,,,,,,,,,,,,,,,,,,,,,,,17539
17930,.GLEWMGII-14.016YPGDSDTR.,sp|A0A0C4DH38|HV551_HUMAN,,,,,,,,,,,,,,,,,,,,,,,,,,,,,,,,,,,,,,,,,,,,,,,,,,,,,,,,,,,,,,,,,,,,,,,,,,,,,,,,,,,,,,,,,,,,,,,,,,,,,,,,,,,,,,,,,,,,,,,,,,,,,,,"10,455,000","35,459,333","16,007,500","14,926,950","21,445,000","17,193,500","14,910,000",,,,,,,,,,,,,,,,,,,,,,,,,,,,,,,,,,,,,,,,,,,,,,,,,,,,,,,,,,,,,,,,,,,,,,,,,,,,,,,,,,,,,,,,,,,,,,,,,,,,,,,,,,,,,,,,,,,,,,,,,,,,,,,,,,,,,,,,,,,,,,,,,,,,,,,,,,,,,,,,,,,,,,,,,,,,,,,,,,,,,,,,,,17930
18913,.YSPSFQGQVTI-12.036SADK.,sp|A0A0C4DH38|HV551_HUMAN,,,,,,,,,,,,,,,,,,,,,,,,,,,,,,,,,,,,,,,,,,,,,,,,,,,,,,,,,,,,,,,,,,,,,,,,,,,,,,,,,,,,,,,,,,,,,,,,,,,,,,,,,,,,,,,,,,,,,,,,,,,,,,,,,,,,,,,,,,,,,,,,,,,,,,,,,,,,,,,,,,,,,,,,,,,,,,,,,,,,,,,,,,,,,,,,,,,,,,,,,,,,,,,,,,,,,,,,,,,,,,,,,,,,,,,,,,,,,,,,,,,,,,,,,,,,,,,,,,,,,,,,,,,,,,,,,,,,,,,,,,,,,,,,,,"20,287,000","42,939,000",,,,,,,,,,,,,,,,,,,,,,,,,,,,18913
24816,.GSGYSFTSY+15.011WIGWVR.,sp|A0A0C4DH38|HV551_HUMAN,,,,,,,,,,,,,,,,,,,,,,,,,,,,,,,,,,,,,,,,,,,,,,,,,,,,,,,,,,,,,,,,"39,229,000","39,508,500","30,135,000","49,347,000","36,748,333","67,029,500","21,073,050",,,,,,,,,,,,,,,,,,,,,,,,,,,,,,,,,,,,,,,,,,,,,,,,,,,,,,,,,,,,,,,,,,,,,,,,,,,,,,,,,,,,,,,,,,,,,,,,,,,,,,,,,,,,,,,,,,,,,,,,,,,,,,,,,,,,,,,,,,,,,,,,,,,,,,,,,,,,,,,,,,,,,,,,,,,,,,,,,,,,,,,,,,,,,,,,,,,,,,,,,,,,,,,,,,,,,,,,,,,,,,,,,,,,,,,,,,,,,,,,,,,,,,,,,24816
24879,.GLEWMGIIYPGDSD+14.016TR.,sp|A0A0C4DH38|HV551_HUMAN,,,,,,,,,,,,,,,,,,,,,,,,,,,,,,,,,,,,,,,,,,,,,,,,,,,,,,,,,,,,,,,,,,,,,,,,,,,,,,,,,,,,,,,,,,,,,,,,,,,,,,,,,,,,,,,,,,,,,,,,,,,,,,,,,,,,,,,,,,,,,,,,,,,,,,,,,,,,,"4,687,950","8,601,700","7,650,550",,,"11,812,900","12,669,000",,,,,,,,,,,,,,,,,,,,,,,,,,,,,,,,,,,,,,,,,,,,,,,,,,,,,,,,,,,,,,,,,,,,,,,,,,,,,,,,,,,,,,,,,,,,,,,,,,,,,,,,,,,,,,,,,,,,,,,,,,,,,,,,,,,,,,,,,,,,,,,"19,803,000","9,544,400","11,864,000","6,218,800","7,630,600","6,998,700",,,,,,,,24879
25104,.EVQLVQSGAEVKK-13.068PGESLK.,sp|A0A0C4DH38|HV551_HUMAN,,,,,,,,,,,,,,,,,,,,,,,,,,,,,,,,,,,,,,,,,,,,,,,,,,,,,,,,,,,,,,,,,,,,,,,,,,,,,,,,,,,,,,,,,,,,,,,,,,,,,,,,,,,,,,,,,,,,,,,,,,,,,,,,,,,,,,,,,,,,,,,,,,,,,,,,,,,,,,,,,,,,,,,,,,,,,,,,,,,,,,,,,,,,,,,,,,,,,,,,,,,,,,,,,,,,,,,,,,,,,,,,,,,,,,,,,,,,,,,,,,,,,,,,,,,,,,,,,,,,,,,,,,,,,,,,,,,,,,,,,,,,,,,,,,,,,,,,,,,,,,,,,,,,,,,,,"51,317,000","60,953,000","48,683,000","61,034,500","33,403,000","29,469,000",25104
25107,.EVQLVQSGA+58.005EVKKPGESLK.,sp|A0A0C4DH38|HV551_HUMAN,,,,,,,,,,,,,,,,,,,,,,,,,,,,,,,,,,,,,,,,,,,,,,,,,,,,,,,,,,,,,,,,,,,,,,,,,,,,,,,,,,,,,,,,,,,,,,,,,,,,,,,,,,,,,,,,,,,,,,,,,,,,,,,,,,,,,,,,,,,,,,,,,,,,,,,,,,,,,,,,,,,,,,,,,,,,,,,,,,,,,,,,,,,,,,,,,,,,,,,,,,,,,,,,,,,,,,,,,,,,,,,,,,,,,,,,,,,,,,,,,,,,,,,,,,,,,,,,,,,,,,,,,,,,,,,,,,,,,,,,,,,,,,,,,,,,,,,,,,,,,,,,,,,,,,,,,,,,,,,25107
25108,.EVQLVQSG+58.005AEVKKPGESLK.,sp|A0A0C4DH38|HV551_HUMAN,,,,,,,,,,,,,,,,,,,,,,,,,,,,,,,,,,,,,,,,,,,,,,,,,,,,,,,,,,,,,,,,,,,,,,,,,,,,,,,,,,,,,,,,,,,,,,,,,,,,,,,,,,,,,,,,,,,,,,,,,,,,,,,,,,,,,,,,,,,,,,,,,,,,,,,,,,,,,,,,,,,,,,,,,,,,,,,,,,,,,,,,,,,,,,,,,,,,,,,,,,,,,,,,,,,,,,,,,,,,,,,,,,,,,,,,,,,,,,,,,,,,,,,,,,,,,,,,,,,,,,,,,,,,,,,,,,,,,,,,,,,,,,,,,,,,,,"30,083,333","39,093,667","25,038,000","29,259,000","55,780,000","48,040,333","16,543,700",,,,,,,,,,,,,,,,,,,25108
25559,.E+21.982VKKPGESLK.,sp|A0A0C4DH38|HV551_HUMAN,,,,,,,,,,,,,,,,,,,,,,,,,,,,,,,,,,,,,,,,,,,,,,,,,,,,,,,,,,,,,,,,,,,,,,,,,,,,,,,,,,,,,,,,,,,,,,,,,,,,,,,,,,,,,,,,,,,,,,,,,,,,,,,,,,,,,,,,,,,,,,,,,,,,,,,,,,,,,,,,,,,,,,,,,,,,,,,,,,,,,,,,,,,,,,,,,,,,,,,,,,,,,,,,,,,,,,,,,,,,,,,,,,,,,,,,,,,,,,,,,,,,,,,,,,,,,,,,,,,,,,,,,,,,,,,,,,,,,,,,,,,,,,,,,,,,,,,,,,,,,,,,,,,,,,,,,,,,,,,25559
27433,.YSPSFQ+0.984GQVTISADK.,sp|A0A0C4DH38|HV551_HUMAN,,,,,,,,,,,,,,,,,,,,,,,,,,,,,,,,,,,,,,,,,,,,,,,,,,,,,,,,,,,,,,,,,,,,,,,,,,,,,,,,,,,,,,,,,,,,,,,,,,,,,,,,,,,,,,,,,,,,,,,,,,,,,,,,,,,,,,,,,,,,,,,,,,,,,,,,,,,,,,,,,,,,,,,,,,,,,,,,,,,,,,,,,,,,,,,,,,,,,,,,,,,,,,,,,,,,,,,,,,,,,,,,,,,,,,,,,,,,,,,,,,,,,,,,,,,,,,,,,,,,,,,,,,,,,,,,,,,,,,,,,,,,,,,,,,,,,,,,,,,,,,,,,,,,,,,,,,,,,,,27433
34596,.GLEWMGIIYPGDS+14.016DTR.,sp|A0A0C4DH38|HV551_HUMAN,,,,,,,,,,,,,,,,,,,,,,,,,,,,,,,,,,,,,,,,,,,,,,,,,,,,,,,,,,,,,,,,,,,,,,,,,,,,,,,,,,,,,,,,,,,,,,,,,,,,,,,,,,,,,,,,,,,,,,,,,,,,,,,,,,,,,,,,,,,,,,,,,,,,,,,,,,,,,,,,,,,,,,,,,,,,,,,,,,,,,,,,,,,,,,,,,,,,,,,,,,,,,,,,,,,,,,,,,,,,,,,,,,,,,,,,,,,,,,,,,,,,,,,,,,,,,,,,,,,,,,,,,,,,,,,,,,,,,,,,,,,,,,,,,,,,,,,,,,,,,,,,,,,,,,,,,,,,,,,34596
34597,.GLEWMGIIYP+18.011GDSDTR.,sp|A0A0C4DH38|HV551_HUMAN,,,,,,,,,,,,,,,,,,,,,,,,,,,,,,,,,,,,,,,,,,,,,,,,,,,,,,,,,,,,,,,,,,,,,,,,,,,,,,,,,,,,,,,,,,,,,,,,,,,,,,,,,,,,,,,,,,,,,,,,,,,,,,,,,,,,,,,,,,,,,,,,,,,,,,,,,,,,,,,,,,,,,,,,,,,,,,,,,,,,,,,,,,,,,,,,,,,,,,,,,,,,,,,,,,,,,,,,,,,,,,,,,,,,,,,,,,,,,,,,,,,,,,,,,,,,,,,,,,,,,,,,,,,,,,,,,,,,,,,,,,,,,,,,,,,,"28,963,033","11,379,500",,,,,,,,,,,,,,,,,,,,,,,,,,34597
34598,.GLEWMGI-14.016IYPGDSDTR.,sp|A0A0C4DH38|HV551_HUMAN,,,,,,,,,,,,,,,,,,,,,,,,,,,,,,,,,,,,,,,,,,,,,,,,,,,,,,,,,,,,,,,,,,,,,,,,,,,,,,,,,,,,,,,,,,,,,,,,,,,,,,,,,,,,,,,,,,,,,,,,,,,,,,,,,,,,,,,,,,,,,,,,,,,,,,,,,,,,,"8,803,600","5,113,250","8,567,000","34,017,000","31,600,000","1,633,100",,,,,,,,,,,,,,,,,,,,,,,,,,,,,,,,,,,,,,,,,,,,,,,,,,,,,,,,,,,,,,,,,,,,,,,,,,,,,,,,,,,,,,,,,,,,,,,,,,,,,,,,,,,,,,,,,,,,,,,,,,,,,,,,,,,,,,,,,,,,,,,,,,,,,,,,,,,,,34598
35174,.EVQLVQSGAEVKKPGESL+0.959K.,sp|A0A0C4DH38|HV551_HUMAN,,,,,,,,,,,,,,,,,,,,,,,,,,,,,,,,,,,,,,,,,,,,,,,,,,,,,,,,,,,,,,,,,,,,,,,,,,,,,,,,,,,,,,,,,,,,,,,,,,,,,,,,,,,,,,,,,,,,,,,,,,,,,,,,,,,,,,,,,,,,,,,,,,,,,,,,,,,,,,,,,,,,,,,,,,,,,,,,,,,,,,,,,,,,,,,,,,,,,,,,,,,,,,,,,,,,,,,,,,,,,,,,,,,,,,,,,,"24,837,000","38,264,000","42,044,000","41,602,000","27,237,000","21,540,500",,,,,,,,,,,,,,,,,,,,,,,,,,,,,,,,,,,,,,,,,,,,,,,,,,,,,,,,,,,,,,,,,,,,,,,,,,,,,,,,35174
40354,.+190.01SPSFQGQVTISADK.,sp|A0A0C4DH38|HV551_HUMAN,,,,,,,,,,,,,,,,,,,,,,,,,,,,,,,,,,,,,,,,,,,,,,,,,,,,,,,,,,,,,,,,,,,,,,,,,,,,,,,,,,,,,,,,,,,,,,,,,,,,,,,,,,,,,,,,,,,,,,,,,,,,,,,,,,,,,,,,,,,,,,,,,,,,,,,,,,,,,,,,,,,,,,,,,,,,,,,,,,,,,,,,,,,,,,,,,,,,,,,,,,,,,,,,,,,,,,,,,,,,,,,,,,,,,,,,,,,,,,,,,,,,,,,,,,,,,,,,,,,,,,,,,,,,,,,,,,,,,,,,,,,,,,,,,,,,,,,,,,,,,,,,,,,,,,,,,,,,,,,40354
